id,name,model_id,group_id/id,operation,domain
access_is_sale_order_colis,access_is_sale_order_colis,is.sale.order.colis,sales_team.group_sale_manager,crud,
access_is_sale_order_colisage_composant,access_is_sale_order_colisage_composant,is.sale.order.colisage.composant,sales_team.group_sale_manager,crud,
access_is_deplacement_charge,access_is_deplacement_charge,is.deplacement.charge,stock.group_stock_manager,crud,
access_is_bois,access_is_bois,is.bois,base.group_user,r,
access_is_bois_manager,access_is_bois_manager,is.bois,sales_team.group_sale_manager,crud,
access_is_qualite_bois,access_is_qualite_bois,is.qualite.bois,base.group_user,r,
access_is_qualite_bois_manager,access_is_qualite_bois_manager,is.qualite.bois,sales_team.group_sale_manager,crud,
access_is_contrat_fournisseur,access_is_contrat_fournisseur,is.contrat.fournisseur,base.group_user,r,
access_is_contrat_fournisseur_manager,access_is_contrat_fournisseur_manager,is.contrat.fournisseur,purchase.group_purchase_manager,crud,
access_is_contrat_fournisseur_ligne,access_is_contrat_fournisseur_ligne,is.contrat.fournisseur.ligne,base.group_user,r,
access_is_contrat_fournisseur_ligne_manager,access_is_contrat_fournisseur_ligne_manager,is.contrat.fournisseur.ligne,purchase.group_purchase_manager,crud,
access_is_creation_charge,access_is_creation_charge,is.creation.charge,base.group_user,crud,
access_is_calculateur_operation,access_is_calculateur_operation,is.calculateur.operation,base.group_user,crud,
access_is_product_template_calculateur_operation,access_is_product_template_calculateur_operation,is.product.template.calculateur.operation,base.group_user,crud,
access_is_export_compta,access_is_export_compta,is.export.compta,account.group_account_invoice,crud,
access_is_export_compta_ligne,access_is_export_compta_ligne,is.export.compta.ligne,account.group_account_invoice,crud,
access_stock_inventory,access_stock_inventory,stock.inventory,base.group_user,r,
access_stock_inventory_manager,access_stock_inventory_manager,stock.inventory,stock.group_stock_manager,crud,
access_stock_inventory_line,access_stock_inventory_line,stock.inventory.line,base.group_user,r,
access_stock_inventory_line_manager,access_stock_inventory_line_manager,stock.inventory.line,stock.group_stock_manager,crud,
access_is_inventaire,access_is_inventaire,is.inventaire,base.group_user,r,
access_is_inventaire_manager,access_is_inventaire_manager,is.inventaire,stock.group_stock_manager,crud,
access_is_bareme_valobat,access_is_bareme_valobat,is.bareme.valobat,base.group_user,r,
access_is_bareme_valobat_manager,access_is_bareme_valobat_manager,is.bareme.valobat,sales_team.group_sale_manager,crud,
access_is_account_move_valobat,access_is_account_move_valobat,is.account.move.valobat,base.group_user,r,
access_is_account_move_valobat_manager,access_is_account_move_valobat_manager,is.account.move.valobat,sales_team.group_sale_manager,crud,
access_is_product_template_etiquette,access_is_product_template_etiquette,is.product.template.etiquette,base.group_user,crud,
access_is_scan_inventaire,access_is_scan_inventaire,is.scan.inventaire,stock.group_stock_manager,crud,
access_is_scan_inventaire_ligne,access_is_scan_inventaire_ligne,is.scan.inventaire.ligne,base.group_user,crud,
access_is_scan_deplacement_charge,access_is_scan_deplacement_charge,is.scan.deplacement.charge,base.group_user,r,
access_is_scan_deplacement_charge_manager,access_is_scan_deplacement_charge_manager,is.scan.deplacement.charge,stock.group_stock_manager,crud,
access_is_civilite_user,access_is_civilite_user,is.civilite,base.group_user,r,
access_is_civilite_manager,access_is_civilite_manager,is.civilite,base.group_partner_manager,crud,
